Timestamp,LLM Name,Prompt,Response
31/05/24 15:41,ChatGPT,Give me the top three things to consider when writing my climate action plan.,"When writing your climate action plan, here are the top three things to consider:
Setting Clear and Measurable Goals:
Specific Targets: Define clear, achievable targets for reducing greenhouse gas emissions, increasing renewable energy usage, and improving energy efficiency.
Metrics and Timelines: Establish metrics to track progress and set realistic timelines for achieving these goals. Use data to support your targets and provide a baseline for measuring success.
Stakeholder Engagement and Collaboration:
Inclusive Planning: Involve a diverse group of stakeholders, including government agencies, businesses, community groups, and the public. This ensures that the plan is comprehensive and has broad support.
Partnerships: Foster partnerships and collaborations to leverage resources, knowledge, and expertise. Working together can lead to innovative solutions and shared responsibilities.
Adaptation and Resilience:
Risk Assessment: Assess the vulnerabilities and risks associated with climate change in your area. Identify the most critical sectors and communities that need support.
Resilience Strategies: Develop strategies to enhance the resilience of infrastructure, ecosystems, and communities. This includes investing in climate-resilient infrastructure, protecting natural habitats, and promoting sustainable land-use practices."
31/05/24 15:42,GeminiAI,Give me the top three things to consider when writing my climate action plan.,"Here are the top three things to consider when writing your climate action plan:
Measure and Set Goals: First, understand your current footprint. This means figuring out how much greenhouse gas (GHG) you or your organization emit. This is often categorized into Scopes 1, 2, and 3 emissions https://figbytes.com/news/figbytes-boosts-scope3-solution-with-scenario-analysis-and-enhanced-emissions-tracking/. Then, based on scientific data, set ambitious but achievable goals for reduction.
Tailored Strategies and Equity: Don't just copy someone else's plan! Consider your unique circumstances. What are your biggest emission sources? What resources do you have available? How can you make sure your plan benefits everyone, not just creating a burden for some? Equity is a crucial part of a strong climate action plan.
Action and Feedback Loop: Don't let your plan sit on a shelf! Outline specific actions to achieve your goals, and assign responsibility for implementation. Finally, include a way to track progress, measure success, and adapt the plan as needed. This feedback loop is essential for keeping your plan on track."
31/05/24 15:43,Claude AI,Give me the top three things to consider when writing my climate action plan.,"When writing your climate action plan, the top three things to consider are:
Emissions Reduction Targets: Set clear, measurable, and ambitious targets for reducing greenhouse gas emissions across various sectors, such as energy, transportation, industry, and agriculture. These targets should align with the latest scientific recommendations and international agreements, such as the Paris Agreement's goal of limiting global temperature rise to well below 2¡C above pre-industrial levels.
Adaptation and Resilience Strategies: Develop strategies to adapt to the inevitable impacts of climate change, such as sea-level rise, extreme weather events, and shifts in precipitation patterns. This may include infrastructure improvements, ecosystem restoration, and community preparedness measures to enhance resilience and minimize risks.
Implementation Mechanisms: Outline the specific policies, regulations, incentives, and programs that will be implemented to achieve your emissions reduction targets and adaptation strategies. This may include renewable energy policies, energy efficiency standards, sustainable transportation initiatives, land-use planning, and adaptation measures like flood control and drought management. Additionally, consider establishing monitoring and evaluation mechanisms to track progress and make adjustments as needed.
It's important to involve stakeholders from various sectors, including government agencies, businesses, civil society organizations, and local communities, to ensure a comprehensive and inclusive approach to climate action. Additionally, your plan should consider the potential economic, social, and environmental co-benefits of climate action, as well as address issues of equity and justice in the transition to a low-carbon and climate-resilient future."
31/05/24 15:44,Perplexity AI,Give me the top three things to consider when writing my climate action plan.,"When writing a climate action plan, the top three things to consider are:
Setting clear and measurable goals for greenhouse gas (GHG) emissions reduction and climate resilience. Many climate action plans aim for specific targets like achieving carbon neutrality by a certain year or reducing emissions by a percentage from a baseline year. Establishing quantifiable goals allows for tracking progress over time.
Identifying key focus areas or sectors to target for emissions reductions and climate adaptation measures. Common sectors addressed include transportation, buildings/energy, waste, natural resources, and community resilience. Breaking down the plan into these focus areas helps organize and prioritize actions.
Ensuring robust community engagement and consideration of equity impacts. Effective climate action plans involve extensive public input to understand community priorities and concerns, especially from vulnerable populations disproportionately impacted by climate change. Plans should center equity and prioritize actions that benefit disadvantaged groups."
31/05/24 15:45,Meta AI,Give me the top three things to consider when writing my climate action plan.,"Here are the top three things to consider when writing your climate action plan:
1. Set Clear Goals and Objectives : Define specific, measurable, achievable, relevant, and time-bound (SMART) goals for reducing greenhouse gas emissions and transitioning to a low-carbon economy. Identify key sectors to focus on, such as energy, transportation, and land use.
2. Assess Your Current Situation : Conduct a thorough inventory of your current greenhouse gas emissions, energy usage, and climate-related risks and vulnerabilities. This will help you understand your starting point and identify areas for improvement.
3. Engage Stakeholders and Foster Collaboration : Involve diverse stakeholders, including community members, businesses, and government agencies, in the planning process. Build a coalition of supporters to help implement and maintain your climate action plan.
By considering these factors, you'll be well on your way to creating a comprehensive and effective climate action plan."
31/05/24 15:46,HuggingChat,Give me the top three things to consider when writing my climate action plan.,"When writing a Climate Action Plan (CAP), here are three critical considerations to keep in mind:
Local Context and Community Engagement: Understand the unique characteristics of your community, including its geography, resources, infrastructure, and leadership support. Engage with residents, organizations, and businesses to gather feedback and ensure their buy-in. Tailor your climate action goals and strategies to fit the specific needs and challenges of your community.
Clear and Measurable Goals: Define clear and specific reduction targets for greenhouse gas (GHG) emissions based on local priorities. Establish timelines for each action item, such as immediate, short-term (within 1-2 years), medium-term (by 2030 or 2035), and long-term (by 2050). Ensure your goals are measurable and include expected outcomes in terms of CO2e reductions, economic growth, disasters avoided, and improvements in public health and wellness.
Comprehensive Approach: Consider the different types of climate action plans and how they can work together. Mitigation plans focus on reducing GHG emissions, while adaptation plans build resilience to the impacts of climate change on infrastructure, services, public health, the economy, and natural resources. Recognize areas where collaboration with federal, state, and regional partners is necessary, and integrate prior accomplishments and ongoing activities into your plan.
These considerations will help you develop an effective and tailored CAP that addresses the specific climate challenges and goals of your community."
,,,
,,,
,,,
,,,
,,,
,,,
,,,
,,,
,,,
,,,
,,,
,,,
,,,
,,,
,,,
,,,
,,,
,,,
,,,
,,,
,,,
,,,
,,,
,,,